departureCity,arrivalCity,Distance,Demand
Amsterdam,London,222,1557
London,Frankfurt,397,1452
London,Amsterdam,222,1439
Paris,Amsterdam,267,1424
Frankfurt,Paris,297,1356
Amsterdam,Frankfurt,226,1293
Frankfurt,Amsterdam,226,1265
Paris,London,213,1162
London,Paris,213,1150
Amsterdam,Paris,267,1092
Frankfurt,London,397,1063
Paris,Frankfurt,297,1024
Madrid,London,784,752
Istanbul,London,1556,744
Madrid,Amsterdam,920,717
Paris,Madrid,654,713
Amsterdam,Madrid,920,660
Paris,Istanbul,1404,652
Madrid,Paris,654,651
London,Manchester,163,649
Frankfurt,Madrid,899,643
Moscow,Amsterdam,1338,633
London,Dublin,288,629
Amsterdam,Moscow,1338,629
Rome,London,892,628
London,Madrid,784,622
Istanbul,Paris,1404,615
London,Istanbul,1556,614
Madrid,Frankfurt,899,610
Paris,Dublin,486,609
Moscow,London,1558,600
Istanbul,Frankfurt,1161,596
Moscow,Paris,1549,588
Zürich,Amsterdam,381,585
Zürich,London,483,584
Istanbul,Madrid,1705,571
Vienna,Frankfurt,372,569
Paris,Rome,687,568
Rome,Paris,687,568
Paris,Zürich,304,564
Frankfurt,Istanbul,1161,553
London,Düsseldorf,299,540
Paris,Milan,398,538
Frankfurt,Moscow,1259,536
Amsterdam,Istanbul,1376,535
Moscow,Frankfurt,1259,528
London,Zürich,483,524
Paris,Moscow,1549,518
London,Moscow,1558,516
Zürich,Frankfurt,189,506
Amsterdam,Düsseldorf,113,500
Dublin,London,288,497
Rome,Amsterdam,806,490
Amsterdam,Dublin,471,490
Amsterdam,Copenhagen,387,488
Frankfurt,Zürich,189,483
Düsseldorf,Paris,256,482
Istanbul,Amsterdam,1376,481
Copenhagen,Frankfurt,418,476
Dublin,Paris,486,476
Madrid,Istanbul,1705,474
Zürich,Paris,304,473
Düsseldorf,Amsterdam,113,472
Manchester,London,163,472
Milan,Paris,398,471
Rome,Frankfurt,596,468
London,Vienna,769,466
London,Rome,892,465
Milan,Frankfurt,321,462
Frankfurt,Milan,321,461
Amsterdam,Rome,806,460
Frankfurt,Vienna,372,458
Palma de Mallorca,Madrid,342,458
Dublin,Amsterdam,471,455
Düsseldorf,London,299,452
Frankfurt,Copenhagen,418,452
London,Lisbon,985,445
Frankfurt,Düsseldorf,113,444
Amsterdam,Manchester,307,441
Düsseldorf,Frankfurt,113,441
Amsterdam,Zürich,381,434
London,Palma de Mallorca,835,432
Amsterdam,Berlin,358,428
Frankfurt,Berlin,263,424
Paris,Düsseldorf,256,423
Frankfurt,Rome,596,420
Manchester,Paris,376,419
Lisbon,Madrid,313,418
Paris,Manchester,376,417
Manchester,Amsterdam,307,411
London,Oslo,718,410
London,Copenhagen,595,407
Vienna,Amsterdam,583,406
Oslo,London,718,402
Copenhagen,Amsterdam,387,401
Paris,Vienna,644,396
Lisbon,London,985,395
Madrid,Rome,849,392
Moscow,Istanbul,1091,391
Frankfurt,Lisbon,1176,388
Rome,Madrid,849,380
Vienna,London,769,380
Rome,Istanbul,856,379
Palma de Mallorca,London,835,378
Paris,Lisbon,904,375
London,Geneva,464,370
Amsterdam,Lisbon,1159,370
Madrid,Lisbon,313,368
Oslo,Paris,834,368
Palma de Mallorca,Paris,641,360
Vienna,Rome,475,358
Moscow,Madrid,2142,357
Manchester,Frankfurt,522,356
Vienna,Madrid,1126,354
Paris,Geneva,255,353
Oslo,Frankfurt,682,343
Paris,Oslo,834,343
Berlin,Amsterdam,358,342
Dublin,Madrid,901,341
Madrid,Palma de Mallorca,342,341
Palma de Mallorca,Frankfurt,785,340
London,Athens,1488,340
Amsterdam,Vienna,583,337
Paris,Hamburg,463,334
Rome,Zürich,425,331
Lisbon,Amsterdam,1159,331
Frankfurt,Stockholm,738,330
Frankfurt,Geneva,294,330
Amsterdam,Prague,444,329
London,Milan,596,328
Milan,Rome,296,327
Milan,London,596,326
Frankfurt,Dublin,677,326
Berlin,London,579,326
Lisbon,Paris,904,325
Dublin,Frankfurt,677,325
Prague,Frankfurt,256,324
Berlin,Frankfurt,263,323
Helsinki,London,1134,323
Copenhagen,London,595,322
Frankfurt,Athens,1119,320
Frankfurt,Prague,256,319
Istanbul,Rome,856,319
Amsterdam,Milan,515,319
Paris,Stockholm,960,318
Amsterdam,Oslo,567,317
Madrid,Zürich,775,317
London,Helsinki,1134,316
Vienna,Paris,644,316
Istanbul,Moscow,1091,316
Paris,Palma de Mallorca,641,316
Geneva,Paris,255,315
Hamburg,Amsterdam,228,314
Paris,Copenhagen,639,313
London,Berlin,579,312
Geneva,London,464,312
Edinburgh,London,332,311
London,Stockholm,892,310
Madrid,Manchester,904,308
Hamburg,Paris,463,307
Istanbul,Athens,349,307
Amsterdam,Geneva,430,307
Madrid,Dublin,901,306
Amsterdam,Athens,1345,304
Copenhagen,Paris,639,303
Rome,Vienna,475,303
Madrid,Oslo,1484,303
Zürich,Madrid,775,301
Frankfurt,Manchester,522,301
Istanbul,Zürich,1101,298
Rome,Moscow,1479,294
Madrid,Milan,739,294
Frankfurt,Palma de Mallorca,785,294
London,Hamburg,449,293
Hamburg,London,449,291
Milan/Bergamo,Paris,408,288
Stockholm,Madrid,1613,287
Málaga,Madrid,257,287
Athens,Frankfurt,1119,287
Zürich,Rome,425,287
Paris,Helsinki,1188,284
Madrid,Moscow,2142,283
Milan,Amsterdam,515,283
Milan,Madrid,739,283
Madrid,Athens,1475,282
Rome,Milan,296,281
Amsterdam,Helsinki,935,280
Athens,Paris,1304,280
Amsterdam,Edinburgh,410,280
Prague,Amsterdam,444,279
Moscow,Dublin,1742,279
Stockholm,London,892,276
Istanbul,Copenhagen,1257,276
Madrid,Düsseldorf,899,275
Lisbon,Frankfurt,1176,275
Madrid,Vienna,1126,275
Athens,London,1488,274
Nice,Paris,426,273
Amsterdam,Palma de Mallorca,890,272
Moscow,Rome,1479,271
Málaga,Paris,904,269
Athens,Madrid,1475,268
Berlin,Madrid,1162,268
Madrid,Berlin,1162,266
Zürich,Istanbul,1101,266
Athens,Istanbul,349,266
Madrid,Málaga,257,265
Copenhagen,Madrid,1289,263
Düsseldorf,Madrid,899,262
Hamburg,Frankfurt,244,262
Frankfurt,Hamburg,244,261
Geneva,Amsterdam,430,261
Palma de Mallorca,Amsterdam,890,260
Frankfurt,Oslo,682,260
Stockholm,Amsterdam,700,258
Istanbul,Milan,1041,258
Oslo,Amsterdam,567,256
Istanbul,Vienna,793,256
Berlin,Paris,545,256
Moscow,Saint Petersburg,395,255
Lyon,London,457,255
Amsterdam,Stockholm,700,254
Oslo,Madrid,1484,254
Paris,Milan/Bergamo,408,254
Athens,Amsterdam,1345,253
Dublin,Istanbul,1839,251
London,Edinburgh,332,251
Edinburgh,Amsterdam,410,250
Stockholm,Paris,960,250
Paris,Berlin,545,250
Madrid,Alicante,223,250
Paris,Birmingham,312,249
Frankfurt,Nice,447,249
Málaga,Frankfurt,1131,248
Amsterdam,Hamburg,228,247
Moscow,Oslo,1025,247
London,Prague,645,246
Vienna,Moscow,1040,246
Stockholm,Frankfurt,738,245
Geneva,Frankfurt,294,245
Birmingham,London,101,245
Istanbul,Palma de Mallorca,1388,244
Istanbul,Dublin,1839,244
Manchester,Dublin,166,244
Rome,Lisbon,1159,243
Prague,Paris,550,241
Dublin,Rome,1173,240
Manchester,Istanbul,1682,240
Prague,London,645,239
Paris,Athens,1304,239
Saint Petersburg,London,1308,239
Birmingham,Paris,312,239
Paris,Nice,426,238
Málaga,London,1042,237
Madrid,Copenhagen,1289,237
Vienna,Istanbul,793,236
London,Cologne/Bonn,318,236
Frankfurt,Málaga,1131,235
Saint Petersburg,Amsterdam,1102,233
Moscow,Zürich,1366,233
Moscow,Manchester,1585,233
Rome,Copenhagen,953,232
Paris,Málaga,904,232
Moscow,Vienna,1040,232
Amsterdam,Saint Petersburg,1102,232
Frankfurt,Helsinki,943,232
Warsaw,Amsterdam,681,232
Copenhagen,Oslo,300,231
Lisbon,Rome,1159,231
Lyon,Amsterdam,457,229
Frankfurt,Cologne/Bonn,85,228
Rome,Dublin,1173,228
Milan/Bergamo,Frankfurt,310,228
Rome,Manchester,1050,228
Stockholm,Moscow,765,228
Manchester,Madrid,904,226
Düsseldorf,Istanbul,1270,226
Paris,Warsaw,851,226
Palma de Mallorca,Istanbul,1388,226
Cologne/Bonn,Amsterdam,141,225
Málaga,Amsterdam,1172,224
Nice,Frankfurt,447,222
Warsaw,London,902,221
Alicante,London,909,221
Vienna,Milan,389,220
Amsterdam,Warsaw,681,220
Madrid,Helsinki,1834,219
Helsinki,Paris,1188,219
Milan,Moscow,1423,218
Dublin,Moscow,1742,218
London,Warsaw,902,218
London,Birmingham,101,218
Cologne/Bonn,Frankfurt,85,218
Zürich,Moscow,1366,217
London,Saint Petersburg,1308,216
Milan,Istanbul,1041,216
Oslo,Rome,1247,216
Madrid,Stockholm,1613,215
Berlin,Moscow,1003,215
Birmingham,Amsterdam,287,215
London,Kyiv,1329,214
Paris,Saint Petersburg,1348,213
Paris,Budapest,775,213
Amsterdam,Málaga,1172,213
Alicante,Madrid,223,211
Stockholm,Copenhagen,324,211
Palma de Mallorca,Moscow,1945,210
Moscow,Palma de Mallorca,1945,210
London,Bucharest,1302,210
Milan,Zürich,135,208
Istanbul,Stockholm,1351,208
London,Nice,639,208
Frankfurt,Saint Petersburg,1087,207
Paris,Alicante,739,207
London,Málaga,1042,206
Saint Petersburg,Frankfurt,1087,206
Helsinki,Frankfurt,943,206
London,Stuttgart,453,206
London,Budapest,903,205
Moscow,Copenhagen,972,205
Geneva,Rome,433,204
Zürich,Vienna,368,204
Paris,Bucharest,1165,204
Paris,Edinburgh,543,204
Palma de Mallorca,Rome,540,204
Cologne/Bonn,London,318,204
Istanbul,Manchester,1682,203
Stockholm,Rome,1228,203
Stuttgart,Frankfurt,94,201
Istanbul,Düsseldorf,1270,201
Istanbul,Oslo,1522,201
Rome,Geneva,433,201
Lyon,Paris,243,201
Copenhagen,Istanbul,1257,200
Helsinki,Amsterdam,935,200
Vienna,Zürich,368,200
Madrid,Saint Petersburg,1985,200
Paris,Cologne/Bonn,255,200
Amsterdam,Budapest,713,200
Warsaw,Madrid,1425,200
Oslo,Moscow,1025,199
Copenhagen,Rome,953,199
Rome,Düsseldorf,699,198
Düsseldorf,Rome,699,198
Geneva,Madrid,636,198
Dublin,Manchester,166,198
Budapest,London,903,197
Zürich,Berlin,415,197
Moscow,Milan,1423,196
Stuttgart,London,453,195
Frankfurt,Milan/Bergamo,310,195
Kyiv,Paris,1261,195
Copenhagen,Stockholm,324,195
Cologne/Bonn,Paris,255,195
Oslo,Istanbul,1522,195
Saint Petersburg,Moscow,395,194
Stockholm,Istanbul,1351,194
Frankfurt,Birmingham,486,194
Alicante,Paris,739,193
Madrid,Warsaw,1425,193
Amsterdam,Cologne/Bonn,141,193
Bucharest,Paris,1165,193
Moscow,Athens,1386,193
Prague,Madrid,1103,192
Paris,Lyon,243,192
Frankfurt,Lyon,349,192
Düsseldorf,Milan,413,192
Berlin,Copenhagen,221,190
Kyiv,Amsterdam,1110,190
Istanbul,Berlin,1081,190
Copenhagen,Moscow,972,190
Budapest,Frankfurt,505,189
Düsseldorf,Copenhagen,390,189
Porto,London,821,189
Budapest,Paris,775,189
Zürich,Milan,135,189
Paris,Kyiv,1261,189
Madrid,Porto,262,188
Berlin,Zürich,415,188
London,Lyon,457,188
Saint Petersburg,Paris,1348,188
Stuttgart,Amsterdam,311,188
Rome,Oslo,1247,187
Málaga,Istanbul,1813,187
Frankfurt,Budapest,505,187
Oslo,Stockholm,260,187
Manchester,Moscow,1585,187
Frankfurt,Stuttgart,94,185
Paris,Stuttgart,311,185
Porto,Madrid,262,185
Edinburgh,Frankfurt,637,184
Düsseldorf,Zürich,277,183
Amsterdam,Lyon,457,183
Istanbul,Bucharest,277,183
Stuttgart,Paris,311,182
Copenhagen,Berlin,221,181
Düsseldorf,Manchester,412,181
Alicante,Frankfurt,929,181
Madrid,Prague,1103,181
Amsterdam,Bucharest,1113,181
Frankfurt,Warsaw,554,181
Helsinki,Madrid,1834,180
Birmingham,Frankfurt,486,178
Vienna,Lisbon,1431,178
Warsaw,Paris,851,178
Düsseldorf,Moscow,1298,177
London,Milan/Bergamo,603,177
Oslo,Copenhagen,300,176
Amsterdam,Birmingham,287,176
Zürich,Dublin,771,176
Paris,Prague,550,175
Zürich,Lisbon,1072,175
Budapest,Madrid,1229,175
Rome,Athens,654,174
Istanbul,Helsinki,1335,174
Rome,Stockholm,1228,174
Moscow,Helsinki,556,173
Athens,Moscow,1386,173
Kyiv,Moscow,470,173
Bucharest,Istanbul,277,173
Lyon,Frankfurt,349,172
Moscow,Kyiv,470,172
Rome,Berlin,735,171
Milan,Düsseldorf,413,171
Berlin,Istanbul,1081,170
Dublin,Copenhagen,772,170
Rome,Palma de Mallorca,540,170
Warsaw,Istanbul,861,169
Kyiv,London,1329,169
Amsterdam,Stuttgart,311,169
Frankfurt,Bucharest,905,169
Moscow,Berlin,1003,169
Milan,Vienna,389,169
Copenhagen,Lisbon,1542,169
Moscow,Stockholm,765,168
Dublin,Milan,881,168
Milan/Bergamo,Amsterdam,511,168
Lisbon,Moscow,2432,168
Zürich,Düsseldorf,277,167
Istanbul,Lisbon,2016,167
Copenhagen,Vienna,541,167
Helsinki,Istanbul,1335,167
Moscow,Düsseldorf,1298,166
Berlin,Düsseldorf,296,166
Nice,Amsterdam,609,165
Kyiv,Frankfurt,964,165
Dublin,Vienna,1048,164
Nice,London,639,164
Stockholm,Oslo,260,164
Madrid,Edinburgh,1073,163
Warsaw,Frankfurt,554,163
Vienna,Oslo,840,163
Lisbon,Málaga,292,163
Madrid,Bucharest,1540,163
Milan,Lisbon,1048,162
Bucharest,Amsterdam,1113,162
Saint Petersburg,Madrid,1985,161
Rome,Nice,292,161
Bucharest,London,1302,160
Palma de Mallorca,Lisbon,635,160
Istanbul,Prague,938,159
Madrid,Hamburg,1110,158
Bucharest,Madrid,1540,158
Oslo,Vienna,840,158
Amsterdam,Nice,609,158
Frankfurt,Kyiv,964,157
Moscow,Warsaw,717,157
Palma de Mallorca,Copenhagen,1203,157
Lisbon,Copenhagen,1542,157
Warsaw,Vienna,345,157
Zürich,Manchester,635,156
Manchester,Rome,1050,156
Milan/Bergamo,London,603,156
Madrid,Budapest,1229,156
Lisbon,Istanbul,2016,155
Amsterdam,Kyiv,1110,155
Istanbul,Hamburg,1235,155
Málaga,Palma de Mallorca,432,155
Düsseldorf,Berlin,296,155
Málaga,Lisbon,292,155
Hamburg,Moscow,1110,155
Vienna,Düsseldorf,477,154
Manchester,Vienna,889,154
Palma de Mallorca,Zürich,614,154
Palma de Mallorca,Málaga,432,154
Rome,Helsinki,1369,153
Copenhagen,Düsseldorf,390,153
London,Porto,821,153
Berlin,Rome,735,152
Düsseldorf,Vienna,477,152
Palma de Mallorca,Milan,526,152
Edinburgh,Madrid,1073,151
Vienna,Dublin,1048,151
Stockholm,Helsinki,246,151
Manchester,Zürich,635,150
Berlin,Vienna,325,150
Helsinki,Moscow,556,150
Palma de Mallorca,Manchester,988,150
Prague,Istanbul,938,149
London,Alicante,909,149
Moscow,Lisbon,2432,149
Athens,Rome,654,148
Manchester,Düsseldorf,412,148
Zürich,Geneva,139,148
Hamburg,Madrid,1110,148
Lisbon,Vienna,1431,148
Oslo,Helsinki,491,147
Rome,Saint Petersburg,1460,146
Geneva,Moscow,1506,146
Frankfurt,Alicante,929,146
Frankfurt,Porto,1037,145
Vienna,Palma de Mallorca,905,145
Palma de Mallorca,Dublin,1040,145
Prague,Copenhagen,396,145
Düsseldorf,Lisbon,1159,145
Hamburg,Vienna,462,145
Prague,Moscow,1039,144
Istanbul,Geneva,1194,144
Saint Petersburg,Istanbul,1309,144
Milan/Bergamo,Madrid,767,144
Dublin,Düsseldorf,571,144
Geneva,Istanbul,1194,144
Frankfurt,Edinburgh,637,144
Nice,Rome,292,144
Zürich,Stockholm,913,143
Milan,Copenhagen,721,143
Dublin,Zürich,771,143
Lisbon,Milan,1048,143
Dublin,Palma de Mallorca,1040,142
Madrid,Geneva,636,141
Vienna,Berlin,325,141
Kyiv,Madrid,1782,141
Zürich,Palma de Mallorca,614,141
Milan/Bergamo,Rome,295,141
Vienna,Copenhagen,541,141
Budapest,Amsterdam,713,141
Edinburgh,Paris,543,140
Oslo,Zürich,871,140
Rome,Warsaw,818,140
Lisbon,Dublin,1020,140
Hamburg,Copenhagen,180,140
Manchester,Copenhagen,613,140
Zürich,Oslo,871,140
Milan,Prague,400,139
Zürich,Prague,327,139
Alicante,Amsterdam,1002,138
Athens,Lisbon,1776,137
Zürich,Budapest,491,137
Porto,Frankfurt,1037,136
Istanbul,Alicante,1573,136
Nice,Madrid,607,136
Manchester,Lisbon,1071,136
Lisbon,Palma de Mallorca,635,135
Dublin,Athens,1776,135
Helsinki,Rome,1369,135
Athens,Zürich,1006,135
Vienna,Stockholm,771,135
Bucharest,Frankfurt,905,134
Copenhagen,Milan,721,134
Madrid,Nice,607,134
Manchester,Stockholm,873,134
Geneva,Milan,155,134
Oslo,Milan,1000,134
Berlin,Lisbon,1438,134
Lisbon,Manchester,1071,133
Istanbul,Kyiv,656,133
Dublin,Berlin,820,133
Budapest,Zürich,491,133
Copenhagen,Athens,1328,133
Stockholm,Palma de Mallorca,1523,133
Athens,Vienna,796,132
Bucharest,Moscow,931,132
Stockholm,Milan,1027,132
Prague,Rome,571,132
Rome,Prague,571,132
Milan,Dublin,881,132
Amsterdam,Alicante,1002,132
Copenhagen,Manchester,613,131
Oslo,Palma de Mallorca,1449,131
Dublin,Oslo,787,131
Palma de Mallorca,Berlin,1030,130
Düsseldorf,Oslo,620,130
Vienna,Prague,154,130
Athens,Dublin,1776,130
Istanbul,Saint Petersburg,1309,129
Moscow,Geneva,1506,129
Istanbul,Milan/Bergamo,1020,129
Warsaw,Rome,818,129
Istanbul,Málaga,1813,128
Palma de Mallorca,Athens,1140,127
Stockholm,Manchester,873,127
Saint Petersburg,Stockholm,430,127
Dublin,Lisbon,1020,126
Lisbon,Zürich,1072,126
Warsaw,Copenhagen,418,126
Istanbul,Warsaw,861,126
Warsaw,Moscow,717,125
Prague,Zürich,327,125
Stockholm,Lisbon,1860,125
Düsseldorf,Dublin,571,125
Manchester,Oslo,663,125
Vienna,Hamburg,462,125
Vienna,Warsaw,345,125
Birmingham,Madrid,837,125
Copenhagen,Palma de Mallorca,1203,124
Helsinki,Stockholm,246,124
Rome,Milan/Bergamo,295,124
Paris,Porto,754,124
Manchester,Palma de Mallorca,988,124
Palma de Mallorca,Oslo,1449,124
Stockholm,Dublin,1014,123
Amsterdam,Milan/Bergamo,511,123
Copenhagen,Dublin,772,123
Moscow,Hamburg,1110,123
Moscow,Budapest,977,122
Oslo,Lisbon,1703,122
Milan/Bergamo,Moscow,1396,122
Rome,Málaga,971,121
Vienna,Manchester,889,121
Amsterdam,Porto,1002,121
Milan,Berlin,523,121
Copenhagen,Helsinki,549,121
Porto,Paris,754,121
Alicante,Istanbul,1573,121
Budapest,Istanbul,664,121
Palma de Mallorca,Vienna,905,121
Madrid,Kyiv,1782,120
Madrid,Cologne/Bonn,890,120
Madrid,Milan/Bergamo,767,119
Lyon,Rome,465,119
Oslo,Dublin,787,119
Zürich,Athens,1006,118
Milan,Geneva,155,118
Vienna,Athens,796,118
Nice,Istanbul,1122,118
Berlin,Milan,523,118
Lisbon,Oslo,1703,118
Moscow,Edinburgh,1564,118
Manchester,Helsinki,1120,117
Zürich,Copenhagen,600,117
Athens,Manchester,1633,117
Stockholm,Saint Petersburg,430,117
Berlin,Oslo,521,117
Istanbul,Birmingham,1648,117
Dublin,Stockholm,1014,117
Copenhagen,Zürich,600,117
Milan,Palma de Mallorca,526,117
Athens,Stockholm,1495,117
Porto,Amsterdam,1002,117
Stockholm,Düsseldorf,714,116
Manchester,Berlin,654,116
Copenhagen,Prague,396,116
Saint Petersburg,Helsinki,186,115
Zürich,Milan/Bergamo,129,115
Dublin,Málaga,1151,115
Helsinki,Palma de Mallorca,1718,115
Prague,Vienna,154,114
Helsinki,Oslo,491,114
Rome,Kyiv,1043,114
Rome,Budapest,503,113
Saint Petersburg,Rome,1460,113
Palma de Mallorca,Düsseldorf,829,113
Hamburg,Düsseldorf,210,113
Vienna,Helsinki,895,113
Hamburg,Istanbul,1235,113
Milan,Oslo,1000,113
Helsinki,Saint Petersburg,186,112
Budapest,Vienna,133,112
Málaga,Rome,971,112
Alicante,Palma de Mallorca,188,112
Zürich,Nice,261,112
Stockholm,Vienna,771,112
Saint Petersburg,Zürich,1236,112
Moscow,Milan/Bergamo,1396,111
Hamburg,Berlin,158,111
Palma de Mallorca,Geneva,490,111
Dublin,Warsaw,1138,111
Madrid,Birmingham,837,111
Milan/Bergamo,Istanbul,1020,111
Düsseldorf,Geneva,348,110
Palma de Mallorca,Stockholm,1523,110
Dublin,Edinburgh,218,110
Budapest,Moscow,977,110
Copenhagen,Hamburg,180,110
Málaga,Vienna,1318,110
Istanbul,Edinburgh,1776,110
Berlin,Dublin,820,110
Moscow,Prague,1039,110
Berlin,Manchester,654,110
Stuttgart,Moscow,1287,109
Stockholm,Zürich,913,109
Berlin,Hamburg,158,109
Hamburg,Zürich,431,109
Geneva,Zürich,139,109
Istanbul,Stuttgart,1104,109
Manchester,Milan,754,109
Oslo,Hamburg,441,108
Milan/Bergamo,Zürich,129,108
Kyiv,Rome,1043,108
Lisbon,Athens,1776,108
Berlin,Stockholm,504,107
Manchester,Edinburgh,175,107
Helsinki,Copenhagen,549,107
Prague,Milan,400,107
Berlin,Palma de Mallorca,1030,107
Istanbul,Budapest,664,107
Edinburgh,Dublin,218,107
Milan,Manchester,754,107
Istanbul,Lyon,1253,107
Athens,Copenhagen,1328,107
Milan/Bergamo,Milan,27,107
Düsseldorf,Prague,346,106
Edinburgh,Istanbul,1776,106
Warsaw,Dublin,1138,106
Athens,Berlin,1120,106
Oslo,Manchester,663,105
Copenhagen,Warsaw,418,105
Cologne/Bonn,Madrid,890,105
Moscow,Stuttgart,1287,105
Istanbul,Cologne/Bonn,1245,105
Lisbon,Porto,170,105
Moscow,Nice,1575,104
Prague,Dublin,914,104
Oslo,Berlin,521,104
Stuttgart,Madrid,856,104
Stockholm,Berlin,504,104
Milan,Stockholm,1027,104
Saint Petersburg,Vienna,985,104
Hamburg,Dublin,669,104
Kyiv,Istanbul,656,104
Hamburg,Rome,813,103
Rome,Porto,1092,103
Helsinki,Vienna,895,103
Helsinki,Manchester,1120,103
Stuttgart,Istanbul,1104,103
Zürich,Hamburg,431,103
Málaga,Milan,930,103
Geneva,Palma de Mallorca,490,103
Saint Petersburg,Manchester,1301,103
Rome,Lyon,465,103
Dublin,Helsinki,1261,103
Athens,Palma de Mallorca,1140,103
Birmingham,Istanbul,1648,103
Manchester,Athens,1633,103
Zürich,Málaga,989,102
Istanbul,Porto,1946,102
Hamburg,Oslo,441,102
Milan,Nice,154,102
Alicante,Rome,728,102
Berlin,Warsaw,322,102
Berlin,Prague,175,101
Lisbon,Warsaw,1717,101
Cologne/Bonn,Vienna,453,101
Oslo,Düsseldorf,620,101
Porto,Istanbul,1946,101
Athens,Bucharest,462,101
Lisbon,Berlin,1438,101
Moscow,Cologne/Bonn,1295,100
Copenhagen,Saint Petersburg,715,100
Lisbon,Stockholm,1860,100
Palma de Mallorca,Warsaw,1237,100
Málaga,Dublin,1151,100
Dublin,Hamburg,669,100
Düsseldorf,Hamburg,210,100
Bucharest,Rome,709,99
Geneva,Lisbon,934,99
Dublin,Saint Petersburg,1445,99
Lyon,Zürich,208,99
Lyon,Istanbul,1253,99
Düsseldorf,Palma de Mallorca,829,99
Lyon,Moscow,1575,98
Budapest,Rome,503,98
Madrid,Lyon,567,98
Helsinki,Athens,1533,98
Lisbon,Alicante,469,98
Saint Petersburg,Palma de Mallorca,1847,98
Lisbon,Düsseldorf,1159,97
Prague,Lisbon,1396,97
Milan,Helsinki,1205,97
Madrid,Stuttgart,856,97
Milan,Athens,909,96
Rome,Hamburg,813,96
Nice,Palma de Mallorca,371,96
Rome,Bucharest,709,96
Geneva,Düsseldorf,348,95
Budapest,Milan,490,95
Helsinki,Dublin,1261,95
Athens,Oslo,1619,95
Warsaw,Manchester,972,95
Oslo,Athens,1619,95
Copenhagen,Geneva,712,95
Edinburgh,Rome,1199,95
Istanbul,Nice,1122,95
Vienna,Budapest,133,95
Vienna,Stuttgart,332,94
Porto,Rome,1092,94
Stockholm,Athens,1495,94
Vienna,Cologne/Bonn,453,94
Moscow,Málaga,2351,94
Palma de Mallorca,Lyon,441,93
Geneva,Dublin,741,93
Milan,Warsaw,711,93
Manchester,Cologne/Bonn,437,93
Moscow,Bucharest,931,93
Palma de Mallorca,Nice,371,93
Edinburgh,Moscow,1564,93
Milan,Stuttgart,228,93
Nice,Moscow,1575,92
Milan/Bergamo,Vienna,361,92
Vienna,Geneva,500,92
Rome,Alicante,728,92
Cologne/Bonn,Zürich,249,91
Athens,Düsseldorf,1233,91
Athens,Milan,909,91
Dublin,Geneva,741,91
Düsseldorf,Stockholm,714,91
Porto,Lisbon,170,91
Helsinki,Zürich,1104,90
Milan,Budapest,490,90
Zürich,Cologne/Bonn,249,90
Düsseldorf,Milan/Bergamo,406,90
Málaga,Oslo,1738,90
Stuttgart,Vienna,332,90
Saint Petersburg,Milan,1325,90
Palma de Mallorca,Alicante,188,89
Manchester,Birmingham,70,89
Prague,Berlin,175,89
Prague,Oslo,697,89
Lyon,Madrid,567,89
Warsaw,Lisbon,1717,89
Athens,Málaga,1546,89
Budapest,Berlin,428,89
Manchester,Málaga,1161,88
Cologne/Bonn,Moscow,1295,88
Saint Petersburg,Düsseldorf,1092,88
Warsaw,Berlin,322,88
Málaga,Moscow,2351,87
Birmingham,Manchester,70,87
Dublin,Birmingham,191,87
Alicante,Moscow,2123,87
Geneva,Copenhagen,712,87
Budapest,Lisbon,1538,87
Athens,Helsinki,1533,86
Prague,Düsseldorf,346,86
Lyon,Palma de Mallorca,441,86
Birmingham,Moscow,1599,86
Vienna,Milan/Bergamo,361,86
Oslo,Warsaw,661,86
Oslo,Geneva,966,86
Berlin,Budapest,428,85
Düsseldorf,Stuttgart,200,85
Alicante,Lisbon,469,85
Berlin,Athens,1120,85
Hamburg,Palma de Mallorca,1025,85
Cologne/Bonn,Manchester,437,84
Zürich,Helsinki,1104,84
Málaga,Stockholm,1857,84
Vienna,Kyiv,656,84
Nice,Milan,154,84
Budapest,Dublin,1180,84
Helsinki,Düsseldorf,935,84
Dublin,Bucharest,1580,84
Bucharest,Athens,462,84
Lisbon,Hamburg,1367,83
Stuttgart,Düsseldorf,200,83
Warsaw,Stockholm,503,83
Palma de Mallorca,Helsinki,1718,83
Warsaw,Oslo,661,83
Düsseldorf,Athens,1233,83
Vienna,Saint Petersburg,985,83
Oslo,Saint Petersburg,677,83
Rome,Cologne/Bonn,670,83
Berlin,Málaga,1392,83
Budapest,Palma de Mallorca,985,83
Edinburgh,Manchester,175,82
Milan,Milan/Bergamo,27,82
Rome,Edinburgh,1199,82
Helsinki,Milan,1205,82
Nice,Zürich,261,82
Vienna,Edinburgh,985,82
Manchester,Saint Petersburg,1301,82
Stuttgart,Copenhagen,498,82
Prague,Athens,951,82
Warsaw,Budapest,338,82
Bucharest,Vienna,532,82
Milan,Saint Petersburg,1325,81
Milan,Hamburg,559,81
Moscow,Alicante,2123,81
Cologne/Bonn,Rome,670,81
Warsaw,Zürich,649,81
Copenhagen,Málaga,1533,81
Saint Petersburg,Dublin,1445,81
Stockholm,Warsaw,503,80
Hamburg,Warsaw,468,80
Cologne/Bonn,Milan,384,80
Vienna,Málaga,1318,80
Lisbon,Nice,919,80
Zürich,Saint Petersburg,1236,80
Dublin,Prague,914,79
Lyon,Milan,212,79
Lisbon,Geneva,934,79
Geneva,Athens,1063,79
Palma de Mallorca,Prague,925,79
Cologne/Bonn,Istanbul,1245,79
Copenhagen,Alicante,1342,79
Copenhagen,Stuttgart,498,78
Milan,Lyon,212,78
Prague,Warsaw,322,78
Málaga,Copenhagen,1533,78
Saint Petersburg,Oslo,677,78
Hamburg,Athens,1258,78
Zürich,Stuttgart,101,78
Alicante,Zürich,772,78
Düsseldorf,Helsinki,935,78
Düsseldorf,Birmingham,381,78
Stockholm,Málaga,1857,77
Manchester,Prague,751,77
Lisbon,Prague,1396,77
Málaga,Zürich,989,77
Birmingham,Dublin,191,77
Moscow,Birmingham,1599,77
Cologne/Bonn,Copenhagen,401,77
Zürich,Alicante,772,76
Edinburgh,Vienna,985,76
Palma de Mallorca,Saint Petersburg,1847,76
Birmingham,Rome,993,76
Bucharest,Copenhagen,979,76
Budapest,Prague,274,76
Copenhagen,Cologne/Bonn,401,76
Kyiv,Palma de Mallorca,1545,76
Budapest,Copenhagen,630,76
Saint Petersburg,Copenhagen,715,76
Dublin,Porto,849,76
Dublin,Milan/Bergamo,889,76
Milan/Bergamo,Dublin,889,75
Athens,Hamburg,1258,75
Alicante,Milan,699,75
Oslo,Málaga,1738,75
Milan,Alicante,699,75
Zürich,Lyon,208,75
Alicante,Copenhagen,1342,75
Vienna,Bucharest,532,75
Warsaw,Milan,711,75
Copenhagen,Milan/Bergamo,703,75
Vienna,Nice,537,75
Stuttgart,Zürich,101,75
Edinburgh,Milan,902,74
Warsaw,Prague,322,74
Kyiv,Vienna,656,74
Berlin,Cologne/Bonn,291,74
Hamburg,Prague,307,74
Athens,Geneva,1063,74
Moscow,Lyon,1575,74
Helsinki,Warsaw,569,74
Saint Petersburg,Berlin,826,74
Stuttgart,Rome,501,74
Oslo,Alicante,1570,74
Saint Petersburg,Athens,1544,74
Helsinki,Berlin,688,74
Palma de Mallorca,Hamburg,1025,73
Geneva,Berlin,544,73
Alicante,Manchester,1048,73
Porto,Zürich,950,73
Warsaw,Palma de Mallorca,1237,73
Kyiv,Zürich,1019,73
Málaga,Manchester,1161,73
Lisbon,Budapest,1538,72
Geneva,Vienna,500,72
Prague,Budapest,274,72
Stockholm,Prague,656,72
Nice,Lisbon,919,72
Copenhagen,Budapest,630,72
Zürich,Warsaw,649,72
Cologne/Bonn,Düsseldorf,29,72
Edinburgh,Oslo,579,72
Zürich,Edinburgh,776,72
Warsaw,Kyiv,429,72
Hamburg,Manchester,504,71
Dublin,Cologne/Bonn,594,71
Milan,Bucharest,830,71
Milan,Cologne/Bonn,384,71
Manchester,Geneva,626,71
Oslo,Kyiv,1013,71
Saint Petersburg,Lisbon,2252,71
Dublin,Budapest,1180,71
Milan/Bergamo,Lisbon,1075,71
Milan,Málaga,930,70
Lyon,Dublin,722,70
Oslo,Budapest,922,70
Palma de Mallorca,Bucharest,1248,70
Stuttgart,Milan,228,70
Manchester,Budapest,1020,70
Milan/Bergamo,Copenhagen,703,70
Lisbon,Birmingham,1012,70
Manchester,Warsaw,972,69
Alicante,Málaga,243,69
Bucharest,Dublin,1580,69
Hamburg,Lisbon,1367,69
Budapest,Oslo,922,69
Copenhagen,Birmingham,627,69
Warsaw,Hamburg,468,69
Düsseldorf,Alicante,957,69
Prague,Helsinki,811,68
Edinburgh,Copenhagen,612,68
Birmingham,Düsseldorf,381,68
Palma de Mallorca,Budapest,985,68
Edinburgh,Zürich,776,67
Hamburg,Milan,559,67
Oslo,Prague,697,67
Geneva,Manchester,626,67
Málaga,Athens,1546,67
Alicante,Vienna,1085,67
Oslo,Milan/Bergamo,985,67
Geneva,Stockholm,1032,67
Düsseldorf,Edinburgh,523,67
Bucharest,Lisbon,1853,67
Kyiv,Dublin,1568,67
Rome,Birmingham,993,67
Rome,Stuttgart,501,67
Bucharest,Milan,830,67
Porto,Moscow,2297,67
Zürich,Bucharest,868,66
Prague,Palma de Mallorca,925,66
Milan/Bergamo,Düsseldorf,406,66
Warsaw,Düsseldorf,613,66
Helsinki,Hamburg,725,66
Lyon,Düsseldorf,388,66
Kyiv,Manchester,1402,66
Porto,Vienna,1316,66
Cologne/Bonn,Berlin,291,66
Bucharest,Manchester,1420,66
Geneva,Oslo,966,66
Düsseldorf,Málaga,1143,66
Copenhagen,Edinburgh,612,66
Prague,Hamburg,307,66
Copenhagen,Bucharest,979,66
Warsaw,Saint Petersburg,642,66
Manchester,Kyiv,1402,65
Oslo,Birmingham,706,65
Stockholm,Geneva,1032,65
Berlin,Alicante,1184,65
Budapest,Manchester,1020,65
Birmingham,Palma de Mallorca,917,65
Berlin,Helsinki,688,65
Athens,Edinburgh,1756,65
Berlin,Stuttgart,317,65
Málaga,Düsseldorf,1143,65
Düsseldorf,Warsaw,613,65
Prague,Manchester,751,65
Vienna,Alicante,1085,65
Nice,Stockholm,1172,64
Athens,Saint Petersburg,1544,64
Berlin,Kyiv,751,64
Porto,Manchester,901,64
Budapest,Düsseldorf,609,64
Lisbon,Helsinki,2092,64
Athens,Budapest,698,64
Geneva,Málaga,852,64
Stockholm,Edinburgh,818,64
Geneva,Prague,466,64
Nice,Vienna,537,64
Alicante,Oslo,1570,64
Copenhagen,Nice,861,64
Lisbon,Stuttgart,1145,63
Lyon,Lisbon,864,63
Düsseldorf,Budapest,609,63
Alicante,Düsseldorf,957,63
Warsaw,Athens,992,63
Porto,Málaga,379,63
Athens,Warsaw,992,63
Vienna,Lyon,570,63
Hamburg,Stockholm,504,63
Manchester,Milan/Bergamo,758,63
Kyiv,Copenhagen,827,63
Dublin,Alicante,1072,63
Palma de Mallorca,Edinburgh,1163,63
Stuttgart,Berlin,317,63
Athens,Alicante,1315,63
Milan/Bergamo,Manchester,758,62
Stockholm,Bucharest,1083,62
Düsseldorf,Saint Petersburg,1092,62
Stockholm,Alicante,1665,62
Palma de Mallorca,Milan/Bergamo,552,62
Palma de Mallorca,Birmingham,917,62
Saint Petersburg,Geneva,1369,62
Lisbon,Milan/Bergamo,1075,62
Alicante,Dublin,1072,62
Dublin,Lyon,722,62
Dublin,Nice,908,62
Dublin,Kyiv,1568,62
Nice,Dublin,908,62
Berlin,Saint Petersburg,826,62
Manchester,Bucharest,1420,61
Alicante,Athens,1315,61
Cologne/Bonn,Palma de Mallorca,809,61
Bucharest,Palma de Mallorca,1248,61
Bucharest,Berlin,805,61
Düsseldorf,Bucharest,1009,61
Warsaw,Málaga,1636,61
Nice,Copenhagen,861,61
Manchester,Hamburg,504,61
Stuttgart,Manchester,592,61
Birmingham,Milan,698,61
Bucharest,Budapest,400,61
Warsaw,Helsinki,569,60
Zürich,Kyiv,1019,60
Stuttgart,Oslo,772,60
Lisbon,Bucharest,1853,60
Milan,Edinburgh,902,60
Oslo,Bucharest,1246,60
Edinburgh,Athens,1756,60
Vienna,Porto,1316,60
Edinburgh,Palma de Mallorca,1163,60
Kyiv,Bucharest,464,60
Budapest,Warsaw,338,60
Oslo,Lyon,1008,60
Helsinki,Lisbon,2092,60
Málaga,Berlin,1392,60
Palma de Mallorca,Stuttgart,713,60
Palma de Mallorca,Porto,603,60
Lyon,Oslo,1008,59
Athens,Kyiv,923,59
Manchester,Alicante,1048,59
Kyiv,Stockholm,786,59
Kyiv,Helsinki,706,59
Porto,Dublin,849,59
Porto,Palma de Mallorca,603,59
Kyiv,Milan,1043,59
Dublin,Stuttgart,741,59
Helsinki,Alicante,1871,59
Vienna,Birmingham,857,59
Saint Petersburg,Prague,925,59
Nice,Oslo,1130,59
Prague,Geneva,466,58
Nice,Berlin,671,58
Manchester,Stuttgart,592,58
Prague,Stockholm,656,58
Oslo,Cologne/Bonn,641,58
Zürich,Porto,950,58
Budapest,Bucharest,400,58
Warsaw,Geneva,789,58
Budapest,Helsinki,907,58
Málaga,Budapest,1408,58
Hamburg,Helsinki,725,58
Porto,Milan,943,58
Düsseldorf,Cologne/Bonn,29,58
Athens,Stuttgart,1041,58
Stockholm,Birmingham,904,57
Nice,Manchester,802,57
Stockholm,Porto,1702,57
Cologne/Bonn,Geneva,325,57
Lisbon,Edinburgh,1222,57
Bucharest,Düsseldorf,1009,57
Düsseldorf,Nice,520,57
Helsinki,Geneva,1232,57
Helsinki,Nice,1356,57
Milan/Bergamo,Berlin,501,57
Saint Petersburg,Warsaw,642,57
Moscow,Porto,2297,57
Helsinki,Prague,811,57
Geneva,Milan/Bergamo,174,56
Stuttgart,Geneva,227,56
Hamburg,Saint Petersburg,884,56
Geneva,Helsinki,1232,56
Porto,Oslo,1539,56
Oslo,Edinburgh,579,56
Lisbon,Lyon,864,56
Copenhagen,Kyiv,827,56
Milan/Bergamo,Oslo,985,56
Kyiv,Oslo,1013,56
Edinburgh,Lisbon,1222,56
Birmingham,Copenhagen,627,56
Palma de Mallorca,Kyiv,1545,56
Helsinki,Kyiv,706,56
Bucharest,Zürich,868,56
Manchester,Nice,802,56
Athens,Prague,951,56
Amsterdam,Trondheim,790,55
Hamburg,Cologne/Bonn,221,55
Birmingham,Lisbon,1012,55
Trondheim,London,910,55
Geneva,Hamburg,536,55
Milan,Porto,943,55
Málaga,Alicante,243,55
Düsseldorf,Kyiv,1036,55
Bucharest,Kyiv,464,55
Stuttgart,Palma de Mallorca,713,55
Edinburgh,Berlin,710,55
Düsseldorf,Porto,1010,54
Helsinki,Milan/Bergamo,1181,54
Birmingham,Berlin,644,54
Düsseldorf,Lyon,388,54
Porto,Düsseldorf,1010,54
Porto,Copenhagen,1388,54
Helsinki,Bucharest,1088,54
Cologne/Bonn,Lisbon,1154,54
Budapest,Saint Petersburg,973,54
Stockholm,Kyiv,786,54
Stuttgart,Prague,253,54
Stockholm,Stuttgart,812,54
Oslo,Stuttgart,772,54
Milan,Kyiv,1043,54
London,Trondheim,910,54
Bucharest,Stockholm,1083,54
Birmingham,Vienna,857,54
Málaga,Porto,379,54
Manchester,Porto,901,54
Stockholm,Hamburg,504,54
Bucharest,Oslo,1246,54
Budapest,Stockholm,818,54
Porto,Berlin,1296,54
Milan/Bergamo,Prague,375,53
Milan/Bergamo,Helsinki,1181,53
Budapest,Málaga,1408,53
Athens,Nice,946,53
Porto,Alicante,473,53
Kyiv,Warsaw,429,53
Berlin,Geneva,544,53
Budapest,Athens,698,53
Nice,Helsinki,1356,53
Lisbon,Saint Petersburg,2252,53
Stockholm,Budapest,818,53
Helsinki,Edinburgh,1063,53
Geneva,Cologne/Bonn,325,52
Milan/Bergamo,Palma de Mallorca,552,52
Lisbon,Cologne/Bonn,1154,52
Bucharest,Saint Petersburg,1086,52
Geneva,Nice,181,52
Nice,Milan/Bergamo,180,52
Oslo,Nice,1130,52
Copenhagen,Lyon,764,52
Berlin,Edinburgh,710,52
Copenhagen,Porto,1388,52
Prague,Stuttgart,253,52
Cologne/Bonn,Dublin,594,52
Manchester,Lyon,620,52
Edinburgh,Düsseldorf,523,52
Stockholm,Nice,1172,52
Berlin,Bucharest,805,51
Kyiv,Düsseldorf,1036,51
Athens,Lyon,1108,51
Nice,Düsseldorf,520,51
Milan/Bergamo,Stockholm,1006,51
Budapest,Milan/Bergamo,462,51
Athens,Porto,1730,51
Milan,Birmingham,698,50
Prague,Málaga,1315,50
Saint Petersburg,Hamburg,884,50
Kyiv,Athens,923,50
Lyon,Vienna,570,50
Stuttgart,Hamburg,331,50
Málaga,Warsaw,1636,50
Frankfurt,Trondheim,923,50
Stuttgart,Helsinki,1006,50
Geneva,Warsaw,789,50
Stuttgart,Dublin,741,50
Alicante,Porto,473,50
Alicante,Helsinki,1871,49
Geneva,Lyon,70,49
Nice,Saint Petersburg,1479,49
Cologne/Bonn,Athens,1204,49
Budapest,Hamburg,576,49
Prague,Milan/Bergamo,375,49
Hamburg,Stuttgart,331,49
Warsaw,Edinburgh,1011,49
Bucharest,Málaga,1680,48
Bucharest,Helsinki,1088,48
Athens,Cologne/Bonn,1204,48
Hamburg,Budapest,576,48
Edinburgh,Stockholm,818,48
Stuttgart,Lisbon,1145,48
Porto,Helsinki,1937,48
Lyon,Copenhagen,764,48
Lyon,Berlin,606,48
Birmingham,Zürich,583,48
Zürich,Birmingham,583,48
Berlin,Nice,671,48
Berlin,Birmingham,644,48
Alicante,Stockholm,1665,48
Oslo,Porto,1539,48
Kyiv,Berlin,751,48
Edinburgh,Geneva,785,47
Birmingham,Stockholm,904,47
Edinburgh,Helsinki,1063,47
Málaga,Kyiv,1967,47
Saint Petersburg,Nice,1479,47
Bucharest,Geneva,977,47
Paris,Trondheim,1053,47
Stockholm,Milan/Bergamo,1006,47
Prague,Saint Petersburg,925,47
Nice,Geneva,181,47
Cologne/Bonn,Prague,327,46
Lyon,Manchester,620,46
Nice,Athens,946,46
Cologne/Bonn,Oslo,641,46
Hamburg,Málaga,1353,46
Prague,Nice,554,46
Alicante,Berlin,1184,45
Nice,Cologne/Bonn,495,45
Porto,Athens,1730,45
Málaga,Geneva,852,45
Kyiv,Málaga,1967,45
Lyon,Stockholm,1087,45
Alicante,Prague,1093,45
Bucharest,Prague,670,45
Milan/Bergamo,Athens,896,45
Saint Petersburg,Budapest,973,45
Helsinki,Birmingham,1149,45
Edinburgh,Birmingham,245,45
Geneva,Saint Petersburg,1369,45
Milan/Bergamo,Geneva,174,45
Birmingham,Oslo,706,45
Porto,Stockholm,1702,45
Cologne/Bonn,Stockholm,726,44
Palma de Mallorca,Cologne/Bonn,809,44
Warsaw,Milan/Bergamo,685,44
Stuttgart,Nice,362,44
Saint Petersburg,Edinburgh,1248,44
Trondheim,Amsterdam,790,44
Lisbon,Kyiv,2087,44
Málaga,Nice,782,44
Athens,Milan/Bergamo,896,44
Kyiv,Lisbon,2087,44
Helsinki,Budapest,907,44
Saint Petersburg,Stuttgart,1141,44
Budapest,Alicante,1170,44
Berlin,Porto,1296,44
Kyiv,Geneva,1155,44
Stuttgart,Budapest,464,43
Stuttgart,Milan/Bergamo,216,43
Hamburg,Bucharest,961,43
Trondheim,Frankfurt,923,43
Prague,Bucharest,670,43
Málaga,Prague,1315,43
Saint Petersburg,Bucharest,1086,43
Málaga,Milan/Bergamo,957,43
Stockholm,Lyon,1087,43
Geneva,Kyiv,1155,43
Berlin,Milan/Bergamo,501,42
Prague,Cologne/Bonn,327,42
Warsaw,Stuttgart,572,42
Milan/Bergamo,Budapest,462,42
Bucharest,Warsaw,587,42
Saint Petersburg,Málaga,2218,42
Birmingham,Athens,1587,42
Warsaw,Alicante,1410,42
Birmingham,Helsinki,1149,42
Athens,Birmingham,1587,42
Geneva,Stuttgart,227,42
Budapest,Stuttgart,464,42
Milan/Bergamo,Cologne/Bonn,377,42
Nice,Warsaw,865,42
Alicante,Hamburg,1162,42
Edinburgh,Budapest,1111,42
Málaga,Bucharest,1680,42
Málaga,Hamburg,1353,42
Helsinki,Lyon,1292,42
Stockholm,Cologne/Bonn,726,42
Trondheim,Madrid,1692,41
Warsaw,Bucharest,587,41
Alicante,Warsaw,1410,41
Stuttgart,Málaga,1078,41
Edinburgh,Hamburg,552,41
Warsaw,Porto,1586,41
Edinburgh,Saint Petersburg,1248,41
Warsaw,Birmingham,965,41
Helsinki,Cologne/Bonn,944,41
Cologne/Bonn,Nice,495,41
Trondheim,Paris,1053,41
Milan/Bergamo,Málaga,957,41
Geneva,Alicante,639,41
Nice,Lyon,185,40
Istanbul,Trondheim,1724,40
Stuttgart,Athens,1041,40
Stuttgart,Stockholm,812,40
Birmingham,Saint Petersburg,1328,40
Helsinki,Málaga,2073,40
Geneva,Edinburgh,785,40
Saint Petersburg,Birmingham,1328,40
Cologne/Bonn,Hamburg,221,40
Lyon,Geneva,70,40
Milan/Bergamo,Nice,180,40
Bucharest,Hamburg,961,39
Lyon,Warsaw,858,39
Birmingham,Prague,726,39
Saint Petersburg,Kyiv,656,39
Geneva,Bucharest,977,39
Kyiv,Hamburg,898,39
Edinburgh,Málaga,1329,39
Lyon,Athens,1108,39
Lyon,Milan/Bergamo,234,39
Madrid,Trondheim,1692,39
Cologne/Bonn,Helsinki,944,38
Prague,Kyiv,711,38
Nice,Prague,554,38
Budapest,Porto,1430,38
Prague,Porto,1268,38
Kyiv,Saint Petersburg,656,38
Cologne/Bonn,Stuttgart,170,38
Málaga,Stuttgart,1078,38
Prague,Edinburgh,837,38
Trondheim,Moscow,1081,38
Málaga,Edinburgh,1329,38
Hamburg,Birmingham,501,38
Cologne/Bonn,Lyon,368,38
Nice,Hamburg,691,38
Málaga,Helsinki,2073,37
Budapest,Nice,627,37
Hamburg,Geneva,536,37
Edinburgh,Warsaw,1011,37
Warsaw,Cologne/Bonn,604,37
Birmingham,Warsaw,965,37
Birmingham,Geneva,565,37
Geneva,Birmingham,565,37
Alicante,Budapest,1170,37
Nice,Stuttgart,362,37
Málaga,Birmingham,1095,37
Alicante,Geneva,639,36
Birmingham,Hamburg,501,36
Milan/Bergamo,Bucharest,806,36
Milan/Bergamo,Alicante,726,36
Geneva,Budapest,616,36
Kyiv,Prague,711,36
Budapest,Geneva,616,36
Berlin,Lyon,606,36
Nice,Kyiv,1186,36
Lyon,Nice,185,35
Cologne/Bonn,Milan/Bergamo,377,35
Milan/Bergamo,Hamburg,544,35
Birmingham,Málaga,1095,35
Nice,Bucharest,936,35
Kyiv,Milan/Bergamo,1016,35
Nice,Málaga,782,35
Málaga,Lyon,787,35
Cologne/Bonn,Birmingham,403,35
Warsaw,Nice,865,35
Nice,Budapest,627,34
Kyiv,Budapest,560,34
Saint Petersburg,Cologne/Bonn,1098,34
Saint Petersburg,Alicante,2008,34
Porto,Prague,1268,34
Edinburgh,Porto,1051,34
Budapest,Edinburgh,1111,34
Edinburgh,Kyiv,1434,34
Helsinki,Porto,1937,34
Birmingham,Edinburgh,245,34
Edinburgh,Alicante,1222,33
Lyon,Málaga,787,33
Trondheim,Istanbul,1724,33
Porto,Nice,829,33
Cologne/Bonn,Saint Petersburg,1098,33
Lyon,Stuttgart,292,33
Edinburgh,Bucharest,1506,33
Nice,Alicante,548,33
Málaga,Cologne/Bonn,1131,33
Cologne/Bonn,Málaga,1131,33
Helsinki,Stuttgart,1006,33
Bucharest,Milan/Bergamo,806,33
Edinburgh,Prague,837,33
Budapest,Kyiv,560,33
Milan/Bergamo,Kyiv,1016,33
Bucharest,Porto,1765,33
Saint Petersburg,Milan/Bergamo,1300,33
Birmingham,Bucharest,1390,33
Birmingham,Alicante,978,32
Budapest,Birmingham,990,32
Prague,Alicante,1093,32
Trondheim,Oslo,243,32
Porto,Warsaw,1586,32
Alicante,Kyiv,1730,32
Stuttgart,Saint Petersburg,1141,32
Geneva,Porto,815,32
Porto,Geneva,815,32
Milan/Bergamo,Warsaw,685,32
Warsaw,Lyon,858,32
Cologne/Bonn,Warsaw,604,32
Kyiv,Alicante,1730,32
Kyiv,Porto,1970,32
Hamburg,Kyiv,898,32
Kyiv,Nice,1186,32
Milan/Bergamo,Saint Petersburg,1300,32
Lyon,Helsinki,1292,32
Hamburg,Alicante,1162,32
Budapest,Lyon,685,32
Hamburg,Edinburgh,552,32
Hamburg,Porto,1216,32
Málaga,Saint Petersburg,2218,32
Alicante,Bucharest,1437,31
Milan/Bergamo,Stuttgart,216,31
Alicante,Birmingham,978,31
Hamburg,Nice,691,31
Prague,Lyon,535,31
Moscow,Trondheim,1081,31
Hamburg,Milan/Bergamo,544,31
Porto,Hamburg,1216,31
Kyiv,Stuttgart,962,30
Milan/Bergamo,Lyon,234,30
Birmingham,Cologne/Bonn,403,30
Alicante,Milan/Bergamo,726,30
Stuttgart,Kyiv,962,30
Lyon,Saint Petersburg,1432,30
Stuttgart,Warsaw,572,30
Lyon,Alicante,579,29
Hamburg,Lyon,585,29
Lyon,Edinburgh,786,29
Cologne/Bonn,Budapest,586,29
Stuttgart,Alicante,867,29
Edinburgh,Nice,964,29
Stuttgart,Lyon,292,29
Trondheim,Rome,1491,29
Birmingham,Milan/Bergamo,704,29
Alicante,Edinburgh,1222,29
Bucharest,Birmingham,1390,29
Stuttgart,Cologne/Bonn,170,29
Lyon,Bucharest,1041,29
Bucharest,Edinburgh,1506,28
Prague,Birmingham,726,28
Lyon,Hamburg,585,28
Stuttgart,Porto,1015,28
Saint Petersburg,Lyon,1432,28
Porto,Budapest,1430,28
Alicante,Nice,548,28
Edinburgh,Milan/Bergamo,904,28
Kyiv,Edinburgh,1434,27
Kyiv,Birmingham,1395,27
Porto,Kyiv,1970,27
Alicante,Cologne/Bonn,941,27
Milan/Bergamo,Porto,969,27
Kyiv,Lyon,1225,27
Nice,Porto,829,27
Stuttgart,Bucharest,857,27
Lyon,Cologne/Bonn,368,27
Cologne/Bonn,Porto,1008,27
Porto,Edinburgh,1051,27
Lyon,Prague,535,26
Bucharest,Nice,936,26
Birmingham,Budapest,990,26
Rome,Trondheim,1491,26
Oslo,Trondheim,243,26
Bucharest,Alicante,1437,26
Lyon,Porto,745,26
Milan/Bergamo,Birmingham,704,26
Cologne/Bonn,Edinburgh,551,26
Cologne/Bonn,Alicante,941,26
Milan/Bergamo,Edinburgh,904,25
Lyon,Budapest,685,25
Porto,Stuttgart,1015,25
Nice,Birmingham,739,25
Nice,Edinburgh,964,25
Bucharest,Lyon,1041,25
Porto,Bucharest,1765,25
Alicante,Saint Petersburg,2008,25
Birmingham,Nice,739,25
Edinburgh,Stuttgart,719,25
Porto,Cologne/Bonn,1008,24
Porto,Milan/Bergamo,969,24
Saint Petersburg,Porto,2101,24
Cologne/Bonn,Bucharest,986,24
Porto,Birmingham,843,24
Bucharest,Cologne/Bonn,986,24
Lyon,Kyiv,1225,24
Alicante,Stuttgart,867,24
Birmingham,Stuttgart,549,24
Birmingham,Lyon,555,24
Kyiv,Cologne/Bonn,1023,24
Edinburgh,Cologne/Bonn,551,24
Budapest,Cologne/Bonn,586,24
Birmingham,Kyiv,1395,23
Alicante,Lyon,579,23
Stockholm,Trondheim,381,23
Birmingham,Porto,843,23
Cologne/Bonn,Kyiv,1023,23
Trondheim,Lisbon,1891,22
Trondheim,Copenhagen,541,22
Edinburgh,Lyon,786,22
Stuttgart,Edinburgh,719,22
Trondheim,Dublin,918,22
Bucharest,Stuttgart,857,22
Trondheim,Palma de Mallorca,1680,22
Trondheim,Stockholm,381,21
Dublin,Trondheim,918,21
Trondheim,Zürich,1112,21
Zürich,Trondheim,1112,21
Trondheim,Vienna,1077,21
Stuttgart,Birmingham,549,21
Porto,Saint Petersburg,2101,21
Manchester,Trondheim,824,20
Trondheim,Düsseldorf,855,19
Trondheim,Athens,1844,19
Athens,Trondheim,1844,19
Palma de Mallorca,Trondheim,1680,19
Porto,Lyon,745,19
Copenhagen,Trondheim,541,19
Lyon,Birmingham,555,18
Trondheim,Milan,1243,18
Trondheim,Berlin,763,18
Lisbon,Trondheim,1891,17
Vienna,Trondheim,1077,17
Trondheim,Manchester,824,17
Milan,Trondheim,1243,15
Helsinki,Trondheim,526,15
Saint Petersburg,Trondheim,695,14
Berlin,Trondheim,763,14
Düsseldorf,Trondheim,855,14
Málaga,Trondheim,1948,13
Trondheim,Geneva,1203,13
Trondheim,Helsinki,526,12
Trondheim,Warsaw,865,12
Trondheim,Málaga,1948,12
Trondheim,Saint Petersburg,695,12
Prague,Trondheim,937,11
Alicante,Trondheim,1792,11
Trondheim,Hamburg,683,11
Trondheim,Alicante,1792,10
Budapest,Trondheim,1150,10
Edinburgh,Trondheim,699,10
Kyiv,Trondheim,1167,10
Hamburg,Trondheim,683,10
Geneva,Trondheim,1203,10
Trondheim,Nice,1370,10
Trondheim,Kyiv,1167,9
Warsaw,Trondheim,865,9
Cologne/Bonn,Trondheim,877,9
Trondheim,Prague,937,9
Birmingham,Trondheim,879,9
Lyon,Trondheim,1241,8
Milan/Bergamo,Trondheim,1228,8
Nice,Trondheim,1370,8
Stuttgart,Trondheim,1014,8
Trondheim,Budapest,1150,8
Trondheim,Edinburgh,699,8
Trondheim,Cologne/Bonn,877,8
Trondheim,Milan/Bergamo,1228,8
Trondheim,Bucharest,1452,8
Trondheim,Stuttgart,1014,7
Trondheim,Porto,1723,7
Trondheim,Birmingham,879,7
Bucharest,Trondheim,1452,7
Trondheim,Lyon,1241,6
Porto,Trondheim,1723,6
